,baseMean,log2FoldChange,lfcSE,stat,pvalue,padj
Anthropod,2.134595013582986,0.006208930992960599,0.14028049772165324,0.22158899001409715,0.8246338541348208,0.8593434025956834
Bacteria,1886.900682191187,-0.011158282214157142,0.13536436109399966,-1.1509935503021782,0.2497348889501625,0.6968374506677947
Fungi,7.524554665635353,-0.005704422041841479,0.12053842942286373,-0.17721004903977217,0.8593434025956834,0.8593434025956834
Mammal,0.037198620629931886,-0.02965449169246794,0.10674747988481101,0.5536545867219491,0.579815260540906,0.8593434025956834
Other,4.114968788415801,-0.0014326266192137887,0.12269250159936945,-0.20762807203893624,0.8355193836757643,0.8593434025956834
Parasite,0.00043343606453324,-0.14426950408889636,0.035005060850748386,1.8379697201220064,0.0660668673133196,0.5285349385065568
Plant,3.7631066065516663,-0.01119308153956017,0.11276031754561493,-0.6417158215273355,0.5210577145259749,0.8593434025956834
Virus,0.03871501799761183,0.8629499735798537,0.3509251355508275,1.1232907195242552,0.261314044000423,0.6968374506677947
