,baseMean,log2FoldChange,lfcSE,stat,pvalue,padj
Anthropod,0.09956981593972596,-1.0113706112446346,0.6411991691038982,-1.5773111694110051,0.1147239436042076,0.2671520456796683
Bacteria,0.0026111047178632857,-0.16426144832294617,0.11267837290700787,-1.4577903823523366,0.14489833006009495,0.2671520456796683
Fungi,0.4685713268977117,-0.8592841622586118,1.5500855955357098,-0.5543462662535376,0.5793418925208855,0.6621050200238692
Mammal,258.585049331571,-0.8325105349359023,0.6023930922955357,-1.382005447246182,0.1669700285497927,0.2671520456796683
Other,0.3735155152573252,-0.8547631345923474,0.8115270586136046,-1.0532774299018524,0.2922138600215747,0.38961848002876626
Parasite,1.3659607201007746,-0.8436939456887768,2.9816541735586926,-0.28296170399996556,0.7772061935333033,0.7772061935333033
Plant,0.02539462659133053,-1.1550906685849012,0.4421364703100002,-2.612520672124196,0.00898772566867353,0.03595090267469412
Virus,0.009457372658748976,-1.2085753031669155,0.3377856858322102,-3.577935223007811,0.00034631924902208425,0.002770553992176674
